<?xml version="1.0" encoding="UTF-8"?>
<addon id="pvr.zattoo" version="0.2.5.1" name="Zattoo PVR Client" provider-name="trummerjo,rbuehlma">
  <requires>
    <import addon="xbmc.pvr" version="5.2.1"/>
  </requires>
  <extension point="xbmc.pvrclient" library_linux="pvr.zattoo.so.0.2.5"/>
  <extension point="xbmc.addon.metadata">
    <summary lang="de_DE">Kodi-PVR-Client für Zattoo</summary>
    <summary lang="en_AU">Kodi's frontend for Zattoo</summary>
    <summary lang="en_GB">Kodi's frontend for Zattoo</summary>
    <summary lang="en_NZ">Kodi's frontend for Zattoo</summary>
    <summary lang="en_US">Kodi's frontend for Zattoo</summary>
    <description lang="de_DE">PVR-Client für Zattoo. Unterstützt TV &amp; Aufnahmen, TV-Guide (EPG) und Timer.</description>
    <description lang="en_AU">Zattoo frontend; supporting streaming of Live TV &amp; Recordings, EPG, Timers</description>
    <description lang="en_GB">Zattoo frontend; supporting streaming of Live TV &amp; Recordings, EPG, Timers</description>
    <description lang="en_NZ">Zattoo frontend; supporting streaming of Live TV &amp; Recordings, EPG, Timers</description>
    <description lang="en_US">Zattoo frontend; supporting streaming of Live TV &amp; Recordings, EPG, Timers</description>
    <disclaimer lang="de_DE">Die Autoren sind in keiner Weise verantwortlich für fehlgeschlagene Aufnahmen, falsche Timer, verschwendete Zeit oder andere ungewünschte Effekte.</disclaimer>
    <disclaimer lang="en_AU">The authors are in no way responsible for failed recordings, incorrect timers, wasted hours, or any other undesirable effects..</disclaimer>
    <disclaimer lang="en_GB">The authors are in no way responsible for failed recordings, incorrect timers, wasted hours, or any other undesirable effects..</disclaimer>
    <disclaimer lang="en_NZ">The authors are in no way responsible for failed recordings, incorrect timers, wasted hours, or any other undesirable effects..</disclaimer>
    <disclaimer lang="en_US">The authors are in no way responsible for failed recordings, incorrect timers, wasted hours, or any other undesirable effects..</disclaimer>
    <platform>linux</platform>
  </extension>
</addon>
